canonical,formula,natural,raw_ltl
"finally ( and (  go to the blue room , finally ( go to the green room )  )  )","finally ( and (  go to the blue room , finally ( go to the green room )  )  )",go to the blue room keep going and stop when you reach the green room,F & B F C
"finally ( and (  go to the blue room , finally ( go to the green room )  )  )","finally ( and (  go to the blue room , finally ( go to the green room )  )  )",go to the green room via the blue room,F & B F C
"finally ( and (  go to the blue room , finally ( go to the green room )  )  )","finally ( and (  go to the blue room , finally ( go to the green room )  )  )",go through the blue room into the green room,F & B F C
"finally ( and (  go to the blue room , finally ( go to the green room )  )  )","finally ( and (  go to the blue room , finally ( go to the green room )  )  )",go over towards the blue room and up through it to the green rectanglular room,F & B F C
"finally ( and (  go to the blue room , finally ( go to the green room )  )  )","finally ( and (  go to the blue room , finally ( go to the green room )  )  )",go through the blue to get to the green,F & B F C
"finally ( and (  go to the blue room , finally ( go to the green room )  )  )","finally ( and (  go to the blue room , finally ( go to the green room )  )  )",go through blue room to green room,F & B F C
"finally ( and (  go to the blue room , finally ( go to the green room )  )  )","finally ( and (  go to the blue room , finally ( go to the green room )  )  )",follow the path through the blue room to get to the green room,F & B F C
"finally ( and (  go to the blue room , finally ( go to the green room )  )  )","finally ( and (  go to the blue room , finally ( go to the green room )  )  )",go through the blue room to the green room,F & B F C
"finally ( and (  go to the blue room , finally ( go to the green room )  )  )","finally ( and (  go to the blue room , finally ( go to the green room )  )  )",go through blue rooms to get to the green one,F & B F C
"finally ( and (  go to the blue room , finally ( go to the green room )  )  )","finally ( and (  go to the blue room , finally ( go to the green room )  )  )",take the blue room first which leads to the green room,F & B F C
"finally ( and (  go to the green room , finally ( go to the blue room )  )  )","finally ( and (  go to the green room , finally ( go to the blue room )  )  )",move through the green rooms to get to the blue room,F & C F B
"finally ( and (  go to the green room , finally ( go to the blue room )  )  )","finally ( and (  go to the green room , finally ( go to the blue room )  )  )",go from the pink room to the blue room by going through the green room,F & C F B
"finally ( and (  go to the green room , finally ( go to the blue room )  )  )","finally ( and (  go to the green room , finally ( go to the blue room )  )  )",go through the green room to the blue room,F & C F B
"finally ( and (  go to the green room , finally ( go to the blue room )  )  )","finally ( and (  go to the green room , finally ( go to the blue room )  )  )",pass through the small green room to get to the large blue room,F & C F B
"finally ( and (  go to the green room , finally ( go to the blue room )  )  )","finally ( and (  go to the green room , finally ( go to the blue room )  )  )",move to the blue room by going through the green room first,F & C F B
"finally ( and (  go to the green room , finally ( go to the blue room )  )  )","finally ( and (  go to the green room , finally ( go to the blue room )  )  )",move into the blue room through the green room,F & C F B
"finally ( and (  go to the green room , finally ( go to the blue room )  )  )","finally ( and (  go to the green room , finally ( go to the blue room )  )  )",travel through the green room to the blue room,F & C F B
"finally ( and (  go to the green room , finally ( go to the blue room )  )  )","finally ( and (  go to the green room , finally ( go to the blue room )  )  )",go through the green box to get to the blue area,F & C F B
"finally ( and (  go to the green room , finally ( go to the blue room )  )  )","finally ( and (  go to the green room , finally ( go to the blue room )  )  )",go through the green room in to the blue room,F & C F B
"finally ( and (  go to the green room , finally ( go to the blue room )  )  )","finally ( and (  go to the green room , finally ( go to the blue room )  )  )",enter blue room through green room,F & C F B
finally go to the red room,finally go to the red room,move to the red room,F R
finally go to the red room,finally go to the red room,move to the red room,F R
finally go to the red room,finally go to the red room,go to the red room,F R
finally go to the red room,finally go to the red room,go to the red room,F R
finally go to the red room,finally go to the red room,move from your room to the red room,F R
finally go to the red room,finally go to the red room,move to the red room,F R
finally go to the red room,finally go to the red room,go in to the pink room,F R
finally go to the red room,finally go to the red room,go to the pink room,F R
finally go to the red room,finally go to the red room,move into the red room and stay on the first square you end up on,F R
finally go to the red room,finally go to the red room,go to pink room,F R
"and ( finally ( go to the green room ) , globally ( not ( go to the yellow room ) ) )","and ( finally ( go to the green room ) , globally ( not ( go to the yellow room ) ) )",go only through rooms that are not yellow to get to the green room,& F C G ! Y
"and ( finally ( go to the green room ) , globally ( not ( go to the yellow room ) ) )","and ( finally ( go to the green room ) , globally ( not ( go to the yellow room ) ) )",make your way to the green room while avoiding the yellow room,& F C G ! Y
"and ( finally ( go to the green room ) , globally ( not ( go to the yellow room ) ) )","and ( finally ( go to the green room ) , globally ( not ( go to the yellow room ) ) )",proceed to green area while avoiding the yellow area,& F C G ! Y
"and ( finally ( go to the green room ) , globally ( not ( go to the yellow room ) ) )","and ( finally ( go to the green room ) , globally ( not ( go to the yellow room ) ) )",move through the room that isn t yellow into the green room,& F C G ! Y
"and ( finally ( go to the green room ) , globally ( not ( go to the yellow room ) ) )","and ( finally ( go to the green room ) , globally ( not ( go to the yellow room ) ) )",go to green area avoiding yellow area,& F C G ! Y
"and ( finally ( go to the green room ) , globally ( not ( go to the yellow room ) ) )","and ( finally ( go to the green room ) , globally ( not ( go to the yellow room ) ) )",don t go through the yellow room while going to the green room,& F C G ! Y
"and ( finally ( go to the green room ) , globally ( not ( go to the yellow room ) ) )","and ( finally ( go to the green room ) , globally ( not ( go to the yellow room ) ) )",go into the green room without crossing the yellow room,& F C G ! Y
"and ( finally ( go to the green room ) , globally ( not ( go to the yellow room ) ) )","and ( finally ( go to the green room ) , globally ( not ( go to the yellow room ) ) )",move to the green room but don t go through the yellow room,& F C G ! Y
"and ( finally ( go to the green room ) , globally ( not ( go to the yellow room ) ) )","and ( finally ( go to the green room ) , globally ( not ( go to the yellow room ) ) )",the robot is to move towards the green room without entering a yellow room,& F C G ! Y
"and ( finally ( go to the green room ) , globally ( not ( go to the yellow room ) ) )","and ( finally ( go to the green room ) , globally ( not ( go to the yellow room ) ) )",go to the green room without entering a yellow room,& F C G ! Y
"finally ( and (  go to the red room , finally ( go to the blue room with chair )  )  )","finally ( and (  go to the red room , finally ( go to the blue room with chair )  )  )",move into the red room and push the chair back into the purple room,F & R F X
"finally ( and (  go to the red room , finally ( go to the blue room with chair )  )  )","finally ( and (  go to the red room , finally ( go to the blue room with chair )  )  )",go to the red room and push the chair in front of the blue room,F & R F X
"finally ( and (  go to the red room , finally ( go to the blue room with chair )  )  )","finally ( and (  go to the red room , finally ( go to the blue room with chair )  )  )",go to red room get the chair go back to purple room,F & R F X
"finally ( and (  go to the red room , finally ( go to the blue room with chair )  )  )","finally ( and (  go to the red room , finally ( go to the blue room with chair )  )  )",move to the red room retrieve the chair and push it back to the the blue room,F & R F X
"finally ( and (  go to the red room , finally ( go to the blue room with chair )  )  )","finally ( and (  go to the red room , finally ( go to the blue room with chair )  )  )",move into the red room and then push the chair into the blue room,F & R F X
"finally ( and (  go to the red room , finally ( go to the blue room with chair )  )  )","finally ( and (  go to the red room , finally ( go to the blue room with chair )  )  )",move into the red room get to the left of the chair and push the chair back up into the blue room,F & R F X
"finally ( and (  go to the red room , finally ( go to the blue room with chair )  )  )","finally ( and (  go to the red room , finally ( go to the blue room with chair )  )  )",bring the chair in the red room back to the purple room,F & R F X
"finally ( and (  go to the red room , finally ( go to the blue room with chair )  )  )","finally ( and (  go to the red room , finally ( go to the blue room with chair )  )  )",move to the red room push the chair to the blue room,F & R F X
"finally ( and (  go to the red room , finally ( go to the blue room with chair )  )  )","finally ( and (  go to the red room , finally ( go to the blue room with chair )  )  )",go into the red room find the chair and bring it back into the purple room,F & R F X
"finally ( and (  go to the red room , finally ( go to the blue room with chair )  )  )","finally ( and (  go to the red room , finally ( go to the blue room with chair )  )  )",go to red room push chair to blue room,F & R F X
"finally ( and ( or ( go to the red room , go to the yellow room ) , finally ( go to the blue room ) ) )","finally ( and ( or ( go to the red room , go to the yellow room ) , finally ( go to the blue room ) ) )",go through the yellow or red room to reach the blue room,F & | R Y F B
"finally ( and ( or ( go to the red room , go to the yellow room ) , finally ( go to the blue room ) ) )","finally ( and ( or ( go to the red room , go to the yellow room ) , finally ( go to the blue room ) ) )",go the red or yellow room into the blue room,F & | R Y F B
"finally ( and ( or ( go to the red room , go to the yellow room ) , finally ( go to the blue room ) ) )","finally ( and ( or ( go to the red room , go to the yellow room ) , finally ( go to the blue room ) ) )",move the robot from the pink room to the yellow or red room to the big blue room,F & | R Y F B
"finally ( and ( or ( go to the red room , go to the yellow room ) , finally ( go to the blue room ) ) )","finally ( and ( or ( go to the red room , go to the yellow room ) , finally ( go to the blue room ) ) )",go through the red or yellow room to reach the blue room,F & | R Y F B
"finally ( and ( or ( go to the red room , go to the yellow room ) , finally ( go to the blue room ) ) )","finally ( and ( or ( go to the red room , go to the yellow room ) , finally ( go to the blue room ) ) )",go through the passage into the blue room but only if you go through a yellow or red room first,F & | R Y F B
"finally ( and ( or ( go to the red room , go to the yellow room ) , finally ( go to the blue room ) ) )","finally ( and ( or ( go to the red room , go to the yellow room ) , finally ( go to the blue room ) ) )",move to the blue room by going through red or yellow only,F & | R Y F B
"finally ( and ( or ( go to the red room , go to the yellow room ) , finally ( go to the blue room ) ) )","finally ( and ( or ( go to the red room , go to the yellow room ) , finally ( go to the blue room ) ) )",enter the yellow or red room and then continue to the blue room,F & | R Y F B
"finally ( and ( or ( go to the red room , go to the yellow room ) , finally ( go to the blue room ) ) )","finally ( and ( or ( go to the red room , go to the yellow room ) , finally ( go to the blue room ) ) )",go through the red or yellow room and go to the blue room,F & | R Y F B
"finally ( and ( or ( go to the red room , go to the yellow room ) , finally ( go to the blue room ) ) )","finally ( and ( or ( go to the red room , go to the yellow room ) , finally ( go to the blue room ) ) )",go through the red or yellow to get to the blue room,F & | R Y F B
"finally ( and ( or ( go to the red room , go to the yellow room ) , finally ( go to the blue room ) ) )","finally ( and ( or ( go to the red room , go to the yellow room ) , finally ( go to the blue room ) ) )",go through the yellow or red room and enter the blue room,F & | R Y F B
"finally ( and (  go to the red room , finally ( go to the green room )  )  )","finally ( and (  go to the red room , finally ( go to the green room )  )  )",go from the blue room to the red room then go from the red room to the green room,F & R F C
"finally ( and (  go to the red room , finally ( go to the green room )  )  )","finally ( and (  go to the red room , finally ( go to the green room )  )  )",go from the blue room to the green room,F & R F C
"finally ( and (  go to the red room , finally ( go to the green room )  )  )","finally ( and (  go to the red room , finally ( go to the green room )  )  )",go to red room and then green room,F & R F C
"finally ( and (  go to the red room , finally ( go to the green room )  )  )","finally ( and (  go to the red room , finally ( go to the green room )  )  )",go into the red room and then go into the green room,F & R F C
"finally ( and (  go to the red room , finally ( go to the green room )  )  )","finally ( and (  go to the red room , finally ( go to the green room )  )  )",go to the red room then go to the green room,F & R F C
"finally ( and (  go to the red room , finally ( go to the green room )  )  )","finally ( and (  go to the red room , finally ( go to the green room )  )  )",go to the red room go to the green room,F & R F C
"finally ( and (  go to the red room , finally ( go to the green room )  )  )","finally ( and (  go to the red room , finally ( go to the green room )  )  )",go to red room go to green room,F & R F C
"finally ( and (  go to the red room , finally ( go to the green room )  )  )","finally ( and (  go to the red room , finally ( go to the green room )  )  )",move to the red room then go to the green room,F & R F C
"finally ( and (  go to the red room , finally ( go to the green room )  )  )","finally ( and (  go to the red room , finally ( go to the green room )  )  )",enter the red room then enter the green room,F & R F C
"finally ( and (  go to the red room , finally ( go to the green room )  )  )","finally ( and (  go to the red room , finally ( go to the green room )  )  )",move to the red room move to the green room,F & R F C
finally go to the green room,finally go to the green room,move to the green room,F C
finally go to the green room,finally go to the green room,move to the green room,F C
finally go to the green room,finally go to the green room,go to the green room,F C
finally go to the green room,finally go to the green room,go to the green room,F C
finally go to the green room,finally go to the green room,go to the green room,F C
finally go to the green room,finally go to the green room,move to the green room,F C
finally go to the green room,finally go to the green room,go in and then go into the green room,F C
finally go to the green room,finally go to the green room,move to the green room,F C
finally go to the green room,finally go to the green room,go in and then go to the green room,F C
finally go to the green room,finally go to the green room,move to the green room,F C
"finally ( and ( or ( go to the red room , go to the yellow room ) , finally ( go to the green room ) ) )","finally ( and ( or ( go to the red room , go to the yellow room ) , finally ( go to the green room ) ) )",move to yellow or red room them move to green room,F & | R Y F C
"finally ( and ( or ( go to the red room , go to the yellow room ) , finally ( go to the green room ) ) )","finally ( and ( or ( go to the red room , go to the yellow room ) , finally ( go to the green room ) ) )",the robot has to go through the red or yellow room to get to the green room,F & | R Y F C
"finally ( and ( or ( go to the red room , go to the yellow room ) , finally ( go to the green room ) ) )","finally ( and ( or ( go to the red room , go to the yellow room ) , finally ( go to the green room ) ) )",go through the yellow or red room and enter the green room,F & | R Y F C
"finally ( and ( or ( go to the red room , go to the yellow room ) , finally ( go to the green room ) ) )","finally ( and ( or ( go to the red room , go to the yellow room ) , finally ( go to the green room ) ) )",go through the yellow or red room into the green room,F & | R Y F C
"finally ( and ( or ( go to the red room , go to the yellow room ) , finally ( go to the green room ) ) )","finally ( and ( or ( go to the red room , go to the yellow room ) , finally ( go to the green room ) ) )",go thru the yellow or red box to get to the green box,F & | R Y F C
"finally ( and ( or ( go to the red room , go to the yellow room ) , finally ( go to the green room ) ) )","finally ( and ( or ( go to the red room , go to the yellow room ) , finally ( go to the green room ) ) )",go through either the red or the yellow room to get to the green room,F & | R Y F C
"finally ( and ( or ( go to the red room , go to the yellow room ) , finally ( go to the green room ) ) )","finally ( and ( or ( go to the red room , go to the yellow room ) , finally ( go to the green room ) ) )",get to the green room through red or yellow rooms only,F & | R Y F C
"finally ( and ( or ( go to the red room , go to the yellow room ) , finally ( go to the green room ) ) )","finally ( and ( or ( go to the red room , go to the yellow room ) , finally ( go to the green room ) ) )",move the robot through the yellow or red small room and then to the large green room,F & | R Y F C
"finally ( and ( or ( go to the red room , go to the yellow room ) , finally ( go to the green room ) ) )","finally ( and ( or ( go to the red room , go to the yellow room ) , finally ( go to the green room ) ) )",go through the yellow and red room to the green room,F & | R Y F C
"finally ( and ( or ( go to the red room , go to the yellow room ) , finally ( go to the green room ) ) )","finally ( and ( or ( go to the red room , go to the yellow room ) , finally ( go to the green room ) ) )",enter the yellow or red room and proceed to the green room,F & | R Y F C
"finally ( and ( or ( go to the green room , go to the yellow room ) , finally ( go to the blue room ) ) )","finally ( and ( or ( go to the green room , go to the yellow room ) , finally ( go to the blue room ) ) )",move through the yellow or green room to the blue room,F & | C Y F B
"finally ( and ( or ( go to the green room , go to the yellow room ) , finally ( go to the blue room ) ) )","finally ( and ( or ( go to the green room , go to the yellow room ) , finally ( go to the blue room ) ) )",go green or yellow to blue,F & | C Y F B
"finally ( and ( or ( go to the green room , go to the yellow room ) , finally ( go to the blue room ) ) )","finally ( and ( or ( go to the green room , go to the yellow room ) , finally ( go to the blue room ) ) )",go green to blue or yellow to blue,F & | C Y F B
"finally ( and ( or ( go to the green room , go to the yellow room ) , finally ( go to the blue room ) ) )","finally ( and ( or ( go to the green room , go to the yellow room ) , finally ( go to the blue room ) ) )",move through the green or yellow rooms and enter the blue room,F & | C Y F B
"finally ( and ( or ( go to the green room , go to the yellow room ) , finally ( go to the blue room ) ) )","finally ( and ( or ( go to the green room , go to the yellow room ) , finally ( go to the blue room ) ) )",go through the yellow or green room to get to the blue room,F & | C Y F B
"finally ( and ( or ( go to the green room , go to the yellow room ) , finally ( go to the blue room ) ) )","finally ( and ( or ( go to the green room , go to the yellow room ) , finally ( go to the blue room ) ) )",go through the green or yellow room to get to the blue room,F & | C Y F B
"finally ( and ( or ( go to the green room , go to the yellow room ) , finally ( go to the blue room ) ) )","finally ( and ( or ( go to the green room , go to the yellow room ) , finally ( go to the blue room ) ) )",go to green or yellow room to blue room,F & | C Y F B
"finally ( and ( or ( go to the green room , go to the yellow room ) , finally ( go to the blue room ) ) )","finally ( and ( or ( go to the green room , go to the yellow room ) , finally ( go to the blue room ) ) )",go through the yellow or green room to get to the blue room,F & | C Y F B
"finally ( and ( or ( go to the green room , go to the yellow room ) , finally ( go to the blue room ) ) )","finally ( and ( or ( go to the green room , go to the yellow room ) , finally ( go to the blue room ) ) )",pass through the green or yellow room and enter into the blue room,F & | C Y F B
"finally ( and ( or ( go to the green room , go to the yellow room ) , finally ( go to the blue room ) ) )","finally ( and ( or ( go to the green room , go to the yellow room ) , finally ( go to the blue room ) ) )",move through the yellow or green room to the blue room,F & | C Y F B
"and ( finally ( go to the blue room ) , globally ( not ( go to the red room ) ) )","and ( finally ( go to the blue room ) , globally ( not ( go to the red room ) ) )",while avoiding the red room follow the shortest path to the blue room,& F B G ! R
"and ( finally ( go to the blue room ) , globally ( not ( go to the red room ) ) )","and ( finally ( go to the blue room ) , globally ( not ( go to the red room ) ) )",go to the blue room but do not pass through the red room,& F B G ! R
"and ( finally ( go to the blue room ) , globally ( not ( go to the red room ) ) )","and ( finally ( go to the blue room ) , globally ( not ( go to the red room ) ) )",head to the blue rectangular room without passing through a red square room,& F B G ! R
"and ( finally ( go to the blue room ) , globally ( not ( go to the red room ) ) )","and ( finally ( go to the blue room ) , globally ( not ( go to the red room ) ) )",go into the blue room without going through the red room,& F B G ! R
"and ( finally ( go to the blue room ) , globally ( not ( go to the red room ) ) )","and ( finally ( go to the blue room ) , globally ( not ( go to the red room ) ) )",move to blue room but don t go through the red room,& F B G ! R
"and ( finally ( go to the blue room ) , globally ( not ( go to the red room ) ) )","and ( finally ( go to the blue room ) , globally ( not ( go to the red room ) ) )",go to the blue room but do not use the red room to get there,& F B G ! R
"and ( finally ( go to the blue room ) , globally ( not ( go to the red room ) ) )","and ( finally ( go to the blue room ) , globally ( not ( go to the red room ) ) )",enter the blue room without crossing the red room,& F B G ! R
"and ( finally ( go to the blue room ) , globally ( not ( go to the red room ) ) )","and ( finally ( go to the blue room ) , globally ( not ( go to the red room ) ) )",avoid the red room and move to the blue room,& F B G ! R
"and ( finally ( go to the blue room ) , globally ( not ( go to the red room ) ) )","and ( finally ( go to the blue room ) , globally ( not ( go to the red room ) ) )",go through room that is not red to get to blue room,& F B G ! R
"and ( finally ( go to the blue room ) , globally ( not ( go to the red room ) ) )","and ( finally ( go to the blue room ) , globally ( not ( go to the red room ) ) )",go to blue but not through red,& F B G ! R
"and ( finally ( go to the blue room ) , globally ( not ( go to the green room ) ) )","and ( finally ( go to the blue room ) , globally ( not ( go to the green room ) ) )",go through square that is not green to get the blue rectangular,& F B G ! C
"and ( finally ( go to the blue room ) , globally ( not ( go to the green room ) ) )","and ( finally ( go to the blue room ) , globally ( not ( go to the green room ) ) )",go to blue but not through green,& F B G ! C
"and ( finally ( go to the blue room ) , globally ( not ( go to the green room ) ) )","and ( finally ( go to the blue room ) , globally ( not ( go to the green room ) ) )",go through the room that is not green to get to the blue room,& F B G ! C
"and ( finally ( go to the blue room ) , globally ( not ( go to the green room ) ) )","and ( finally ( go to the blue room ) , globally ( not ( go to the green room ) ) )",go to the blue room but avoid the green room,& F B G ! C
"and ( finally ( go to the blue room ) , globally ( not ( go to the green room ) ) )","and ( finally ( go to the blue room ) , globally ( not ( go to the green room ) ) )",go to blue without going to green,& F B G ! C
"and ( finally ( go to the blue room ) , globally ( not ( go to the green room ) ) )","and ( finally ( go to the blue room ) , globally ( not ( go to the green room ) ) )",enter the blue room without crossing the green one,& F B G ! C
"and ( finally ( go to the blue room ) , globally ( not ( go to the green room ) ) )","and ( finally ( go to the blue room ) , globally ( not ( go to the green room ) ) )",enter the blue room without entering a green room,& F B G ! C
"and ( finally ( go to the blue room ) , globally ( not ( go to the green room ) ) )","and ( finally ( go to the blue room ) , globally ( not ( go to the green room ) ) )",go to blue room avoiding green,& F B G ! C
"and ( finally ( go to the blue room ) , globally ( not ( go to the green room ) ) )","and ( finally ( go to the blue room ) , globally ( not ( go to the green room ) ) )",walk to the blue room while avoiding the green room,& F B G ! C
"and ( finally ( go to the blue room ) , globally ( not ( go to the green room ) ) )","and ( finally ( go to the blue room ) , globally ( not ( go to the green room ) ) )",walk through any room except the green room to enter the blue room,& F B G ! C
"finally ( and (  go to the red room , finally ( go to the green room with chair )  )  )","finally ( and (  go to the red room , finally ( go to the green room with chair )  )  )",go to the red room move chair to the green room,F & R F Z
"finally ( and (  go to the red room , finally ( go to the green room with chair )  )  )","finally ( and (  go to the red room , finally ( go to the green room with chair )  )  )",push the object in the red room into the green room,F & R F Z
"finally ( and (  go to the red room , finally ( go to the green room with chair )  )  )","finally ( and (  go to the red room , finally ( go to the green room with chair )  )  )",go to the red room and push the chair into the green room,F & R F Z
"finally ( and (  go to the red room , finally ( go to the green room with chair )  )  )","finally ( and (  go to the red room , finally ( go to the green room with chair )  )  )",go to the red room and then go to the green room,F & R F Z
"finally ( and (  go to the red room , finally ( go to the green room with chair )  )  )","finally ( and (  go to the red room , finally ( go to the green room with chair )  )  )",go into the pink room retrieve the yellow object move it to the green room,F & R F Z
"finally ( and (  go to the red room , finally ( go to the green room with chair )  )  )","finally ( and (  go to the red room , finally ( go to the green room with chair )  )  )",push chair from red room to green room,F & R F Z
"finally ( and (  go to the red room , finally ( go to the green room with chair )  )  )","finally ( and (  go to the red room , finally ( go to the green room with chair )  )  )",push the object from the red room into the green room,F & R F Z
"finally ( and (  go to the red room , finally ( go to the green room with chair )  )  )","finally ( and (  go to the red room , finally ( go to the green room with chair )  )  )",go to the pink room push the yellow object into the green room,F & R F Z
"finally ( and (  go to the red room , finally ( go to the green room with chair )  )  )","finally ( and (  go to the red room , finally ( go to the green room with chair )  )  )",go to pink room and push yellow object into green room,F & R F Z
"finally ( and (  go to the red room , finally ( go to the green room with chair )  )  )","finally ( and (  go to the red room , finally ( go to the green room with chair )  )  )",go into the red room and push the object into the green room,F & R F Z
"and ( finally ( go to the green room ) , globally ( not ( go to the blue room ) ) )","and ( finally ( go to the green room ) , globally ( not ( go to the blue room ) ) )",go to the green room but avoid the blue room,& F C G ! B
"and ( finally ( go to the green room ) , globally ( not ( go to the blue room ) ) )","and ( finally ( go to the green room ) , globally ( not ( go to the blue room ) ) )",go to green without going through blue,& F C G ! B
"and ( finally ( go to the green room ) , globally ( not ( go to the blue room ) ) )","and ( finally ( go to the green room ) , globally ( not ( go to the blue room ) ) )",enter the green room without passing the blue one,& F C G ! B
"and ( finally ( go to the green room ) , globally ( not ( go to the blue room ) ) )","and ( finally ( go to the green room ) , globally ( not ( go to the blue room ) ) )",avoid the blue room and move to the green room,& F C G ! B
"and ( finally ( go to the green room ) , globally ( not ( go to the blue room ) ) )","and ( finally ( go to the green room ) , globally ( not ( go to the blue room ) ) )",avoid the blue room to get to the green room,& F C G ! B
"and ( finally ( go to the green room ) , globally ( not ( go to the blue room ) ) )","and ( finally ( go to the green room ) , globally ( not ( go to the blue room ) ) )",pass through the non blue room to reach the green room,& F C G ! B
"and ( finally ( go to the green room ) , globally ( not ( go to the blue room ) ) )","and ( finally ( go to the green room ) , globally ( not ( go to the blue room ) ) )",avoid the blue room when proceeding to the green room,& F C G ! B
"and ( finally ( go to the green room ) , globally ( not ( go to the blue room ) ) )","and ( finally ( go to the green room ) , globally ( not ( go to the blue room ) ) )",go to the green room but avoid using the blue room,& F C G ! B
"and ( finally ( go to the green room ) , globally ( not ( go to the blue room ) ) )","and ( finally ( go to the green room ) , globally ( not ( go to the blue room ) ) )",go to the green room but don t go through the blue room,& F C G ! B
"and ( finally ( go to the green room ) , globally ( not ( go to the blue room ) ) )","and ( finally ( go to the green room ) , globally ( not ( go to the blue room ) ) )",enter the room that isn t blue then go to the green room,& F C G ! B
"finally ( and ( or ( go to the red room , go to the blue room ) , finally ( go to the green room ) ) )","finally ( and ( or ( go to the red room , go to the blue room ) , finally ( go to the green room ) ) )",go to the green room through the red or blue room,F & | R B F C
"finally ( and ( or ( go to the red room , go to the blue room ) , finally ( go to the green room ) ) )","finally ( and ( or ( go to the red room , go to the blue room ) , finally ( go to the green room ) ) )",go to red or blue then green,F & | R B F C
"finally ( and ( or ( go to the red room , go to the blue room ) , finally ( go to the green room ) ) )","finally ( and ( or ( go to the red room , go to the blue room ) , finally ( go to the green room ) ) )",avoid the yellow room and enter the green room through either the red or blue room,F & | R B F C
"finally ( and ( or ( go to the red room , go to the blue room ) , finally ( go to the green room ) ) )","finally ( and ( or ( go to the red room , go to the blue room ) , finally ( go to the green room ) ) )",go to the blue room or the red room and head straight away to the green room avoiding the yellow room,F & | R B F C
"finally ( and ( or ( go to the red room , go to the blue room ) , finally ( go to the green room ) ) )","finally ( and ( or ( go to the red room , go to the blue room ) , finally ( go to the green room ) ) )",go to the green room either through the red room or through the blue room only,F & | R B F C
"finally ( and ( or ( go to the red room , go to the blue room ) , finally ( go to the green room ) ) )","finally ( and ( or ( go to the red room , go to the blue room ) , finally ( go to the green room ) ) )",go through either a red or blue room to enter the green room,F & | R B F C
"finally ( and ( or ( go to the red room , go to the blue room ) , finally ( go to the green room ) ) )","finally ( and ( or ( go to the red room , go to the blue room ) , finally ( go to the green room ) ) )",go through the blue room or the red room to get to the green room,F & | R B F C
"finally ( and ( or ( go to the red room , go to the blue room ) , finally ( go to the green room ) ) )","finally ( and ( or ( go to the red room , go to the blue room ) , finally ( go to the green room ) ) )",go thru the blue or red box to get to the green box,F & | R B F C
"finally ( and ( or ( go to the red room , go to the blue room ) , finally ( go to the green room ) ) )","finally ( and ( or ( go to the red room , go to the blue room ) , finally ( go to the green room ) ) )",pass through either the blue or red room to reach the green room,F & | R B F C
"finally ( and ( or ( go to the red room , go to the blue room ) , finally ( go to the green room ) ) )","finally ( and ( or ( go to the red room , go to the blue room ) , finally ( go to the green room ) ) )",move from the pink box into the green box by way of the blue or red box avoiding the yellow box,F & | R B F C
"finally ( and (  go to the yellow room , finally ( go to the green room )  )  )","finally ( and (  go to the yellow room , finally ( go to the green room )  )  )",go to the yellow room keep going and stop when you reach the green room,F & Y F C
"finally ( and (  go to the yellow room , finally ( go to the green room )  )  )","finally ( and (  go to the yellow room , finally ( go to the green room )  )  )",go to the green room via the yellow room,F & Y F C
"finally ( and (  go to the yellow room , finally ( go to the green room )  )  )","finally ( and (  go to the yellow room , finally ( go to the green room )  )  )",go through the yellow room into the green room,F & Y F C
"finally ( and (  go to the yellow room , finally ( go to the green room )  )  )","finally ( and (  go to the yellow room , finally ( go to the green room )  )  )",go over towards the yellow room and up through it to the green rectanglular room,F & Y F C
"finally ( and (  go to the yellow room , finally ( go to the green room )  )  )","finally ( and (  go to the yellow room , finally ( go to the green room )  )  )",go through the yellow to get to the green,F & Y F C
"finally ( and (  go to the yellow room , finally ( go to the green room )  )  )","finally ( and (  go to the yellow room , finally ( go to the green room )  )  )",go through yellow room to green room,F & Y F C
"finally ( and (  go to the yellow room , finally ( go to the green room )  )  )","finally ( and (  go to the yellow room , finally ( go to the green room )  )  )",follow the path through the yellow room to get to the green room,F & Y F C
"finally ( and (  go to the yellow room , finally ( go to the green room )  )  )","finally ( and (  go to the yellow room , finally ( go to the green room )  )  )",go through the yellow room to the green room,F & Y F C
"finally ( and (  go to the yellow room , finally ( go to the green room )  )  )","finally ( and (  go to the yellow room , finally ( go to the green room )  )  )",go through yellow rooms to get to the green one,F & Y F C
"finally ( and (  go to the yellow room , finally ( go to the green room )  )  )","finally ( and (  go to the yellow room , finally ( go to the green room )  )  )",take the yellow room first which leads to the green room,F & Y F C
"finally ( and (  go to the blue room , finally ( go to the red room )  )  )","finally ( and (  go to the blue room , finally ( go to the red room )  )  )",go to the blue room keep going and stop when you reach the red room,F & B F R
"finally ( and (  go to the blue room , finally ( go to the red room )  )  )","finally ( and (  go to the blue room , finally ( go to the red room )  )  )",go to the red room via the blue room,F & B F R
"finally ( and (  go to the blue room , finally ( go to the red room )  )  )","finally ( and (  go to the blue room , finally ( go to the red room )  )  )",go through the blue room into the red room,F & B F R
"finally ( and (  go to the blue room , finally ( go to the red room )  )  )","finally ( and (  go to the blue room , finally ( go to the red room )  )  )",go over towards the blue room and up through it to the red rectanglular room,F & B F R
"finally ( and (  go to the blue room , finally ( go to the red room )  )  )","finally ( and (  go to the blue room , finally ( go to the red room )  )  )",go through the blue to get to the red,F & B F R
"finally ( and (  go to the blue room , finally ( go to the red room )  )  )","finally ( and (  go to the blue room , finally ( go to the red room )  )  )",go through blue room to red room,F & B F R
"finally ( and (  go to the blue room , finally ( go to the red room )  )  )","finally ( and (  go to the blue room , finally ( go to the red room )  )  )",follow the path through the blue room to get to the red room,F & B F R
"finally ( and (  go to the blue room , finally ( go to the red room )  )  )","finally ( and (  go to the blue room , finally ( go to the red room )  )  )",go through the blue room to the red room,F & B F R
"finally ( and (  go to the blue room , finally ( go to the red room )  )  )","finally ( and (  go to the blue room , finally ( go to the red room )  )  )",go through blue rooms to get to the red one,F & B F R
"finally ( and (  go to the blue room , finally ( go to the red room )  )  )","finally ( and (  go to the blue room , finally ( go to the red room )  )  )",take the blue room first which leads to the red room,F & B F R
"finally ( and (  go to the blue room , finally ( go to the yellow room )  )  )","finally ( and (  go to the blue room , finally ( go to the yellow room )  )  )",go to the blue room keep going and stop when you reach the yellow room,F & B F Y
"finally ( and (  go to the blue room , finally ( go to the yellow room )  )  )","finally ( and (  go to the blue room , finally ( go to the yellow room )  )  )",go to the yellow room via the blue room,F & B F Y
"finally ( and (  go to the blue room , finally ( go to the yellow room )  )  )","finally ( and (  go to the blue room , finally ( go to the yellow room )  )  )",go through the blue room into the yellow room,F & B F Y
"finally ( and (  go to the blue room , finally ( go to the yellow room )  )  )","finally ( and (  go to the blue room , finally ( go to the yellow room )  )  )",go over towards the blue room and up through it to the yellow rectanglular room,F & B F Y
"finally ( and (  go to the blue room , finally ( go to the yellow room )  )  )","finally ( and (  go to the blue room , finally ( go to the yellow room )  )  )",go through the blue to get to the yellow,F & B F Y
"finally ( and (  go to the blue room , finally ( go to the yellow room )  )  )","finally ( and (  go to the blue room , finally ( go to the yellow room )  )  )",go through blue room to yellow room,F & B F Y
"finally ( and (  go to the blue room , finally ( go to the yellow room )  )  )","finally ( and (  go to the blue room , finally ( go to the yellow room )  )  )",follow the path through the blue room to get to the yellow room,F & B F Y
"finally ( and (  go to the blue room , finally ( go to the yellow room )  )  )","finally ( and (  go to the blue room , finally ( go to the yellow room )  )  )",go through the blue room to the yellow room,F & B F Y
"finally ( and (  go to the blue room , finally ( go to the yellow room )  )  )","finally ( and (  go to the blue room , finally ( go to the yellow room )  )  )",go through blue rooms to get to the yellow one,F & B F Y
"finally ( and (  go to the blue room , finally ( go to the yellow room )  )  )","finally ( and (  go to the blue room , finally ( go to the yellow room )  )  )",take the blue room first which leads to the yellow room,F & B F Y
"finally ( and (  go to the red room , finally ( go to the blue room )  )  )","finally ( and (  go to the red room , finally ( go to the blue room )  )  )",move through the red rooms to get to the blue room,F & R F B
"finally ( and (  go to the red room , finally ( go to the blue room )  )  )","finally ( and (  go to the red room , finally ( go to the blue room )  )  )",go from the pink room to the blue room by going through the red room,F & R F B
"finally ( and (  go to the red room , finally ( go to the blue room )  )  )","finally ( and (  go to the red room , finally ( go to the blue room )  )  )",go through the red room to the blue room,F & R F B
"finally ( and (  go to the red room , finally ( go to the blue room )  )  )","finally ( and (  go to the red room , finally ( go to the blue room )  )  )",pass through the small red room to get to the large blue room,F & R F B
"finally ( and (  go to the red room , finally ( go to the blue room )  )  )","finally ( and (  go to the red room , finally ( go to the blue room )  )  )",move to the blue room by going through the red room first,F & R F B
"finally ( and (  go to the red room , finally ( go to the blue room )  )  )","finally ( and (  go to the red room , finally ( go to the blue room )  )  )",move into the blue room through the red room,F & R F B
"finally ( and (  go to the red room , finally ( go to the blue room )  )  )","finally ( and (  go to the red room , finally ( go to the blue room )  )  )",travel through the red room to the blue room,F & R F B
"finally ( and (  go to the red room , finally ( go to the blue room )  )  )","finally ( and (  go to the red room , finally ( go to the blue room )  )  )",go through the red box to get to the blue area,F & R F B
"finally ( and (  go to the red room , finally ( go to the blue room )  )  )","finally ( and (  go to the red room , finally ( go to the blue room )  )  )",go through the red room in to the blue room,F & R F B
"finally ( and (  go to the red room , finally ( go to the blue room )  )  )","finally ( and (  go to the red room , finally ( go to the blue room )  )  )",enter blue room through red room,F & R F B
"finally ( and (  go to the yellow room , finally ( go to the blue room )  )  )","finally ( and (  go to the yellow room , finally ( go to the blue room )  )  )",move through the yellow rooms to get to the blue room,F & Y F B
"finally ( and (  go to the yellow room , finally ( go to the blue room )  )  )","finally ( and (  go to the yellow room , finally ( go to the blue room )  )  )",go from the pink room to the blue room by going through the yellow room,F & Y F B
"finally ( and (  go to the yellow room , finally ( go to the blue room )  )  )","finally ( and (  go to the yellow room , finally ( go to the blue room )  )  )",go through the yellow room to the blue room,F & Y F B
"finally ( and (  go to the yellow room , finally ( go to the blue room )  )  )","finally ( and (  go to the yellow room , finally ( go to the blue room )  )  )",pass through the small yellow room to get to the large blue room,F & Y F B
"finally ( and (  go to the yellow room , finally ( go to the blue room )  )  )","finally ( and (  go to the yellow room , finally ( go to the blue room )  )  )",move to the blue room by going through the yellow room first,F & Y F B
"finally ( and (  go to the yellow room , finally ( go to the blue room )  )  )","finally ( and (  go to the yellow room , finally ( go to the blue room )  )  )",move into the blue room through the yellow room,F & Y F B
"finally ( and (  go to the yellow room , finally ( go to the blue room )  )  )","finally ( and (  go to the yellow room , finally ( go to the blue room )  )  )",travel through the yellow room to the blue room,F & Y F B
"finally ( and (  go to the yellow room , finally ( go to the blue room )  )  )","finally ( and (  go to the yellow room , finally ( go to the blue room )  )  )",go through the yellow box to get to the blue area,F & Y F B
"finally ( and (  go to the yellow room , finally ( go to the blue room )  )  )","finally ( and (  go to the yellow room , finally ( go to the blue room )  )  )",go through the yellow room in to the blue room,F & Y F B
"finally ( and (  go to the yellow room , finally ( go to the blue room )  )  )","finally ( and (  go to the yellow room , finally ( go to the blue room )  )  )",enter blue room through yellow room,F & Y F B
"finally ( and (  go to the green room , finally ( go to the red room )  )  )","finally ( and (  go to the green room , finally ( go to the red room )  )  )",move through the green rooms to get to the red room,F & C F R
"finally ( and (  go to the green room , finally ( go to the red room )  )  )","finally ( and (  go to the green room , finally ( go to the red room )  )  )",go from the pink room to the red room by going through the green room,F & C F R
"finally ( and (  go to the green room , finally ( go to the red room )  )  )","finally ( and (  go to the green room , finally ( go to the red room )  )  )",go through the green room to the red room,F & C F R
"finally ( and (  go to the green room , finally ( go to the red room )  )  )","finally ( and (  go to the green room , finally ( go to the red room )  )  )",pass through the small green room to get to the large red room,F & C F R
"finally ( and (  go to the green room , finally ( go to the red room )  )  )","finally ( and (  go to the green room , finally ( go to the red room )  )  )",move to the red room by going through the green room first,F & C F R
"finally ( and (  go to the green room , finally ( go to the red room )  )  )","finally ( and (  go to the green room , finally ( go to the red room )  )  )",move into the red room through the green room,F & C F R
"finally ( and (  go to the green room , finally ( go to the red room )  )  )","finally ( and (  go to the green room , finally ( go to the red room )  )  )",travel through the green room to the red room,F & C F R
"finally ( and (  go to the green room , finally ( go to the red room )  )  )","finally ( and (  go to the green room , finally ( go to the red room )  )  )",go through the green box to get to the red area,F & C F R
"finally ( and (  go to the green room , finally ( go to the red room )  )  )","finally ( and (  go to the green room , finally ( go to the red room )  )  )",go through the green room in to the red room,F & C F R
"finally ( and (  go to the green room , finally ( go to the red room )  )  )","finally ( and (  go to the green room , finally ( go to the red room )  )  )",enter red room through green room,F & C F R
"finally ( and (  go to the green room , finally ( go to the yellow room )  )  )","finally ( and (  go to the green room , finally ( go to the yellow room )  )  )",move through the green rooms to get to the yellow room,F & C F Y
"finally ( and (  go to the green room , finally ( go to the yellow room )  )  )","finally ( and (  go to the green room , finally ( go to the yellow room )  )  )",go from the pink room to the yellow room by going through the green room,F & C F Y
"finally ( and (  go to the green room , finally ( go to the yellow room )  )  )","finally ( and (  go to the green room , finally ( go to the yellow room )  )  )",go through the green room to the yellow room,F & C F Y
"finally ( and (  go to the green room , finally ( go to the yellow room )  )  )","finally ( and (  go to the green room , finally ( go to the yellow room )  )  )",pass through the small green room to get to the large yellow room,F & C F Y
"finally ( and (  go to the green room , finally ( go to the yellow room )  )  )","finally ( and (  go to the green room , finally ( go to the yellow room )  )  )",move to the yellow room by going through the green room first,F & C F Y
"finally ( and (  go to the green room , finally ( go to the yellow room )  )  )","finally ( and (  go to the green room , finally ( go to the yellow room )  )  )",move into the yellow room through the green room,F & C F Y
"finally ( and (  go to the green room , finally ( go to the yellow room )  )  )","finally ( and (  go to the green room , finally ( go to the yellow room )  )  )",travel through the green room to the yellow room,F & C F Y
"finally ( and (  go to the green room , finally ( go to the yellow room )  )  )","finally ( and (  go to the green room , finally ( go to the yellow room )  )  )",go through the green box to get to the yellow area,F & C F Y
"finally ( and (  go to the green room , finally ( go to the yellow room )  )  )","finally ( and (  go to the green room , finally ( go to the yellow room )  )  )",go through the green room in to the yellow room,F & C F Y
"finally ( and (  go to the green room , finally ( go to the yellow room )  )  )","finally ( and (  go to the green room , finally ( go to the yellow room )  )  )",enter yellow room through green room,F & C F Y
finally go to the blue room,finally go to the blue room,move to the blue room,F B
finally go to the blue room,finally go to the blue room,move to the blue room,F B
finally go to the blue room,finally go to the blue room,go to the blue room,F B
finally go to the blue room,finally go to the blue room,go to the blue room,F B
finally go to the blue room,finally go to the blue room,move from your room to the blue room,F B
finally go to the blue room,finally go to the blue room,move to the blue room,F B
finally go to the blue room,finally go to the blue room,go in to the blue room,F B
finally go to the blue room,finally go to the blue room,go to the blue room,F B
finally go to the blue room,finally go to the blue room,move into the blue room and stay on the first square you end up on,F B
finally go to the blue room,finally go to the blue room,go to blue room,F B
finally go to the yellow room,finally go to the yellow room,move to the yellow room,F Y
finally go to the yellow room,finally go to the yellow room,move to the yellow room,F Y
finally go to the yellow room,finally go to the yellow room,go to the yellow room,F Y
finally go to the yellow room,finally go to the yellow room,go to the yellow room,F Y
finally go to the yellow room,finally go to the yellow room,move from your room to the yellow room,F Y
finally go to the yellow room,finally go to the yellow room,move to the yellow room,F Y
finally go to the yellow room,finally go to the yellow room,go in to the yellow room,F Y
finally go to the yellow room,finally go to the yellow room,go to the yellow room,F Y
finally go to the yellow room,finally go to the yellow room,move into the yellow room and stay on the first square you end up on,F Y
finally go to the yellow room,finally go to the yellow room,go to yellow room,F Y
"and ( finally ( go to the green room ) , globally ( not ( go to the red room ) ) )","and ( finally ( go to the green room ) , globally ( not ( go to the red room ) ) )",go only through rooms that are not red to get to the green room,& F C G ! R
"and ( finally ( go to the green room ) , globally ( not ( go to the red room ) ) )","and ( finally ( go to the green room ) , globally ( not ( go to the red room ) ) )",make your way to the green room while avoiding the red room,& F C G ! R
"and ( finally ( go to the green room ) , globally ( not ( go to the red room ) ) )","and ( finally ( go to the green room ) , globally ( not ( go to the red room ) ) )",proceed to green area while avoiding the red area,& F C G ! R
"and ( finally ( go to the green room ) , globally ( not ( go to the red room ) ) )","and ( finally ( go to the green room ) , globally ( not ( go to the red room ) ) )",move through the room that isn t red into the green room,& F C G ! R
"and ( finally ( go to the green room ) , globally ( not ( go to the red room ) ) )","and ( finally ( go to the green room ) , globally ( not ( go to the red room ) ) )",go to green area avoiding red area,& F C G ! R
"and ( finally ( go to the green room ) , globally ( not ( go to the red room ) ) )","and ( finally ( go to the green room ) , globally ( not ( go to the red room ) ) )",don t go through the red room while going to the green room,& F C G ! R
"and ( finally ( go to the green room ) , globally ( not ( go to the red room ) ) )","and ( finally ( go to the green room ) , globally ( not ( go to the red room ) ) )",go into the green room without crossing the red room,& F C G ! R
"and ( finally ( go to the green room ) , globally ( not ( go to the red room ) ) )","and ( finally ( go to the green room ) , globally ( not ( go to the red room ) ) )",move to the green room but don t go through the red room,& F C G ! R
"and ( finally ( go to the green room ) , globally ( not ( go to the red room ) ) )","and ( finally ( go to the green room ) , globally ( not ( go to the red room ) ) )",the robot is to move towards the green room without entering a red room,& F C G ! R
"and ( finally ( go to the green room ) , globally ( not ( go to the red room ) ) )","and ( finally ( go to the green room ) , globally ( not ( go to the red room ) ) )",go to the green room without entering a red room,& F C G ! R
"and ( finally ( go to the red room ) , globally ( not ( go to the yellow room ) ) )","and ( finally ( go to the red room ) , globally ( not ( go to the yellow room ) ) )",go only through rooms that are not yellow to get to the red room,& F R G ! Y
"and ( finally ( go to the red room ) , globally ( not ( go to the yellow room ) ) )","and ( finally ( go to the red room ) , globally ( not ( go to the yellow room ) ) )",make your way to the red room while avoiding the yellow room,& F R G ! Y
"and ( finally ( go to the red room ) , globally ( not ( go to the yellow room ) ) )","and ( finally ( go to the red room ) , globally ( not ( go to the yellow room ) ) )",proceed to red area while avoiding the yellow area,& F R G ! Y
"and ( finally ( go to the red room ) , globally ( not ( go to the yellow room ) ) )","and ( finally ( go to the red room ) , globally ( not ( go to the yellow room ) ) )",move through the room that isn t yellow into the red room,& F R G ! Y
"and ( finally ( go to the red room ) , globally ( not ( go to the yellow room ) ) )","and ( finally ( go to the red room ) , globally ( not ( go to the yellow room ) ) )",go to red area avoiding yellow area,& F R G ! Y
"and ( finally ( go to the red room ) , globally ( not ( go to the yellow room ) ) )","and ( finally ( go to the red room ) , globally ( not ( go to the yellow room ) ) )",don t go through the yellow room while going to the red room,& F R G ! Y
"and ( finally ( go to the red room ) , globally ( not ( go to the yellow room ) ) )","and ( finally ( go to the red room ) , globally ( not ( go to the yellow room ) ) )",go into the red room without crossing the yellow room,& F R G ! Y
"and ( finally ( go to the red room ) , globally ( not ( go to the yellow room ) ) )","and ( finally ( go to the red room ) , globally ( not ( go to the yellow room ) ) )",move to the red room but don t go through the yellow room,& F R G ! Y
"and ( finally ( go to the red room ) , globally ( not ( go to the yellow room ) ) )","and ( finally ( go to the red room ) , globally ( not ( go to the yellow room ) ) )",the robot is to move towards the red room without entering a yellow room,& F R G ! Y
"and ( finally ( go to the red room ) , globally ( not ( go to the yellow room ) ) )","and ( finally ( go to the red room ) , globally ( not ( go to the yellow room ) ) )",go to the red room without entering a yellow room,& F R G ! Y
"and ( finally ( go to the blue room ) , globally ( not ( go to the yellow room ) ) )","and ( finally ( go to the blue room ) , globally ( not ( go to the yellow room ) ) )",go only through rooms that are not yellow to get to the blue room,& F B G ! Y
"and ( finally ( go to the blue room ) , globally ( not ( go to the yellow room ) ) )","and ( finally ( go to the blue room ) , globally ( not ( go to the yellow room ) ) )",make your way to the blue room while avoiding the yellow room,& F B G ! Y
"and ( finally ( go to the blue room ) , globally ( not ( go to the yellow room ) ) )","and ( finally ( go to the blue room ) , globally ( not ( go to the yellow room ) ) )",proceed to blue area while avoiding the yellow area,& F B G ! Y
"and ( finally ( go to the blue room ) , globally ( not ( go to the yellow room ) ) )","and ( finally ( go to the blue room ) , globally ( not ( go to the yellow room ) ) )",move through the room that isn t yellow into the blue room,& F B G ! Y
"and ( finally ( go to the blue room ) , globally ( not ( go to the yellow room ) ) )","and ( finally ( go to the blue room ) , globally ( not ( go to the yellow room ) ) )",go to blue area avoiding yellow area,& F B G ! Y
"and ( finally ( go to the blue room ) , globally ( not ( go to the yellow room ) ) )","and ( finally ( go to the blue room ) , globally ( not ( go to the yellow room ) ) )",don t go through the yellow room while going to the blue room,& F B G ! Y
"and ( finally ( go to the blue room ) , globally ( not ( go to the yellow room ) ) )","and ( finally ( go to the blue room ) , globally ( not ( go to the yellow room ) ) )",go into the blue room without crossing the yellow room,& F B G ! Y
"and ( finally ( go to the blue room ) , globally ( not ( go to the yellow room ) ) )","and ( finally ( go to the blue room ) , globally ( not ( go to the yellow room ) ) )",move to the blue room but don t go through the yellow room,& F B G ! Y
"and ( finally ( go to the blue room ) , globally ( not ( go to the yellow room ) ) )","and ( finally ( go to the blue room ) , globally ( not ( go to the yellow room ) ) )",the robot is to move towards the blue room without entering a yellow room,& F B G ! Y
"and ( finally ( go to the blue room ) , globally ( not ( go to the yellow room ) ) )","and ( finally ( go to the blue room ) , globally ( not ( go to the yellow room ) ) )",go to the blue room without entering a yellow room,& F B G ! Y
"finally ( and ( or ( go to the red room , go to the green room ) , finally ( go to the blue room ) ) )","finally ( and ( or ( go to the red room , go to the green room ) , finally ( go to the blue room ) ) )",go through the green or red room to reach the blue room,F & | R C F B
"finally ( and ( or ( go to the red room , go to the green room ) , finally ( go to the blue room ) ) )","finally ( and ( or ( go to the red room , go to the green room ) , finally ( go to the blue room ) ) )",go the red or green room into the blue room,F & | R C F B
"finally ( and ( or ( go to the red room , go to the green room ) , finally ( go to the blue room ) ) )","finally ( and ( or ( go to the red room , go to the green room ) , finally ( go to the blue room ) ) )",move the robot from the pink room to the green or red room to the big blue room,F & | R C F B
"finally ( and ( or ( go to the red room , go to the green room ) , finally ( go to the blue room ) ) )","finally ( and ( or ( go to the red room , go to the green room ) , finally ( go to the blue room ) ) )",go through the red or green room to reach the blue room,F & | R C F B
"finally ( and ( or ( go to the red room , go to the green room ) , finally ( go to the blue room ) ) )","finally ( and ( or ( go to the red room , go to the green room ) , finally ( go to the blue room ) ) )",go through the passage into the blue room but only if you go through a green or red room first,F & | R C F B
"finally ( and ( or ( go to the red room , go to the green room ) , finally ( go to the blue room ) ) )","finally ( and ( or ( go to the red room , go to the green room ) , finally ( go to the blue room ) ) )",move to the blue room by going through red or green only,F & | R C F B
"finally ( and ( or ( go to the red room , go to the green room ) , finally ( go to the blue room ) ) )","finally ( and ( or ( go to the red room , go to the green room ) , finally ( go to the blue room ) ) )",enter the green or red room and then continue to the blue room,F & | R C F B
"finally ( and ( or ( go to the red room , go to the green room ) , finally ( go to the blue room ) ) )","finally ( and ( or ( go to the red room , go to the green room ) , finally ( go to the blue room ) ) )",go through the red or green room and go to the blue room,F & | R C F B
"finally ( and ( or ( go to the red room , go to the green room ) , finally ( go to the blue room ) ) )","finally ( and ( or ( go to the red room , go to the green room ) , finally ( go to the blue room ) ) )",go through the red or green to get to the blue room,F & | R C F B
"finally ( and ( or ( go to the red room , go to the green room ) , finally ( go to the blue room ) ) )","finally ( and ( or ( go to the red room , go to the green room ) , finally ( go to the blue room ) ) )",go through the green or red room and enter the blue room,F & | R C F B
"finally ( and (  go to the red room , finally ( go to the yellow room )  )  )","finally ( and (  go to the red room , finally ( go to the yellow room )  )  )",go from the blue room to the red room then go from the red room to the yellow room,F & R F Y
"finally ( and (  go to the red room , finally ( go to the yellow room )  )  )","finally ( and (  go to the red room , finally ( go to the yellow room )  )  )",go from the blue room to the yellow room,F & R F Y
"finally ( and (  go to the red room , finally ( go to the yellow room )  )  )","finally ( and (  go to the red room , finally ( go to the yellow room )  )  )",go to red room and then yellow room,F & R F Y
"finally ( and (  go to the red room , finally ( go to the yellow room )  )  )","finally ( and (  go to the red room , finally ( go to the yellow room )  )  )",go into the red room and then go into the yellow room,F & R F Y
"finally ( and (  go to the red room , finally ( go to the yellow room )  )  )","finally ( and (  go to the red room , finally ( go to the yellow room )  )  )",go to the red room then go to the yellow room,F & R F Y
"finally ( and (  go to the red room , finally ( go to the yellow room )  )  )","finally ( and (  go to the red room , finally ( go to the yellow room )  )  )",go to the red room go to the yellow room,F & R F Y
"finally ( and (  go to the red room , finally ( go to the yellow room )  )  )","finally ( and (  go to the red room , finally ( go to the yellow room )  )  )",go to red room go to yellow room,F & R F Y
"finally ( and (  go to the red room , finally ( go to the yellow room )  )  )","finally ( and (  go to the red room , finally ( go to the yellow room )  )  )",move to the red room then go to the yellow room,F & R F Y
"finally ( and (  go to the red room , finally ( go to the yellow room )  )  )","finally ( and (  go to the red room , finally ( go to the yellow room )  )  )",enter the red room then enter the yellow room,F & R F Y
"finally ( and (  go to the red room , finally ( go to the yellow room )  )  )","finally ( and (  go to the red room , finally ( go to the yellow room )  )  )",move to the red room move to the yellow room,F & R F Y
"finally ( and ( or ( go to the blue room , go to the yellow room ) , finally ( go to the green room ) ) )","finally ( and ( or ( go to the blue room , go to the yellow room ) , finally ( go to the green room ) ) )",move to yellow or blue room them move to green room,F & | B Y F C
"finally ( and ( or ( go to the blue room , go to the yellow room ) , finally ( go to the green room ) ) )","finally ( and ( or ( go to the blue room , go to the yellow room ) , finally ( go to the green room ) ) )",the robot has to go through the blue or yellow room to get to the green room,F & | B Y F C
"finally ( and ( or ( go to the blue room , go to the yellow room ) , finally ( go to the green room ) ) )","finally ( and ( or ( go to the blue room , go to the yellow room ) , finally ( go to the green room ) ) )",go through the yellow or blue room and enter the green room,F & | B Y F C
"finally ( and ( or ( go to the blue room , go to the yellow room ) , finally ( go to the green room ) ) )","finally ( and ( or ( go to the blue room , go to the yellow room ) , finally ( go to the green room ) ) )",go through the yellow or blue room into the green room,F & | B Y F C
"finally ( and ( or ( go to the blue room , go to the yellow room ) , finally ( go to the green room ) ) )","finally ( and ( or ( go to the blue room , go to the yellow room ) , finally ( go to the green room ) ) )",go thru the yellow or blue box to get to the green box,F & | B Y F C
"finally ( and ( or ( go to the blue room , go to the yellow room ) , finally ( go to the green room ) ) )","finally ( and ( or ( go to the blue room , go to the yellow room ) , finally ( go to the green room ) ) )",go through either the blue or the yellow room to get to the green room,F & | B Y F C
"finally ( and ( or ( go to the blue room , go to the yellow room ) , finally ( go to the green room ) ) )","finally ( and ( or ( go to the blue room , go to the yellow room ) , finally ( go to the green room ) ) )",get to the green room through blue or yellow rooms only,F & | B Y F C
"finally ( and ( or ( go to the blue room , go to the yellow room ) , finally ( go to the green room ) ) )","finally ( and ( or ( go to the blue room , go to the yellow room ) , finally ( go to the green room ) ) )",move the robot through the yellow or blue small room and then to the large green room,F & | B Y F C
"finally ( and ( or ( go to the blue room , go to the yellow room ) , finally ( go to the green room ) ) )","finally ( and ( or ( go to the blue room , go to the yellow room ) , finally ( go to the green room ) ) )",go through the yellow and blue room to the green room,F & | B Y F C
"finally ( and ( or ( go to the blue room , go to the yellow room ) , finally ( go to the green room ) ) )","finally ( and ( or ( go to the blue room , go to the yellow room ) , finally ( go to the green room ) ) )",enter the yellow or blue room and proceed to the green room,F & | B Y F C
"finally ( and ( or ( go to the green room , go to the red room ) , finally ( go to the blue room ) ) )","finally ( and ( or ( go to the green room , go to the red room ) , finally ( go to the blue room ) ) )",move through the red or green room to the blue room,F & | C R F B
"finally ( and ( or ( go to the green room , go to the red room ) , finally ( go to the blue room ) ) )","finally ( and ( or ( go to the green room , go to the red room ) , finally ( go to the blue room ) ) )",go green or red to blue,F & | C R F B
"finally ( and ( or ( go to the green room , go to the red room ) , finally ( go to the blue room ) ) )","finally ( and ( or ( go to the green room , go to the red room ) , finally ( go to the blue room ) ) )",go green to blue or red to blue,F & | C R F B
"finally ( and ( or ( go to the green room , go to the red room ) , finally ( go to the blue room ) ) )","finally ( and ( or ( go to the green room , go to the red room ) , finally ( go to the blue room ) ) )",move through the green or red rooms and enter the blue room,F & | C R F B
"finally ( and ( or ( go to the green room , go to the red room ) , finally ( go to the blue room ) ) )","finally ( and ( or ( go to the green room , go to the red room ) , finally ( go to the blue room ) ) )",go through the red or green room to get to the blue room,F & | C R F B
"finally ( and ( or ( go to the green room , go to the red room ) , finally ( go to the blue room ) ) )","finally ( and ( or ( go to the green room , go to the red room ) , finally ( go to the blue room ) ) )",go through the green or red room to get to the blue room,F & | C R F B
"finally ( and ( or ( go to the green room , go to the red room ) , finally ( go to the blue room ) ) )","finally ( and ( or ( go to the green room , go to the red room ) , finally ( go to the blue room ) ) )",go to green or red room to blue room,F & | C R F B
"finally ( and ( or ( go to the green room , go to the red room ) , finally ( go to the blue room ) ) )","finally ( and ( or ( go to the green room , go to the red room ) , finally ( go to the blue room ) ) )",go through the red or green room to get to the blue room,F & | C R F B
"finally ( and ( or ( go to the green room , go to the red room ) , finally ( go to the blue room ) ) )","finally ( and ( or ( go to the green room , go to the red room ) , finally ( go to the blue room ) ) )",pass through the green or red room and enter into the blue room,F & | C R F B
"finally ( and ( or ( go to the green room , go to the red room ) , finally ( go to the blue room ) ) )","finally ( and ( or ( go to the green room , go to the red room ) , finally ( go to the blue room ) ) )",move through the red or green room to the blue room,F & | C R F B
"finally ( and ( or ( go to the green room , go to the yellow room ) , finally ( go to the red room ) ) )","finally ( and ( or ( go to the green room , go to the yellow room ) , finally ( go to the red room ) ) )",move through the yellow or green room to the red room,F & | C Y F R
"finally ( and ( or ( go to the green room , go to the yellow room ) , finally ( go to the red room ) ) )","finally ( and ( or ( go to the green room , go to the yellow room ) , finally ( go to the red room ) ) )",go green or yellow to red,F & | C Y F R
"finally ( and ( or ( go to the green room , go to the yellow room ) , finally ( go to the red room ) ) )","finally ( and ( or ( go to the green room , go to the yellow room ) , finally ( go to the red room ) ) )",go green to red or yellow to red,F & | C Y F R
"finally ( and ( or ( go to the green room , go to the yellow room ) , finally ( go to the red room ) ) )","finally ( and ( or ( go to the green room , go to the yellow room ) , finally ( go to the red room ) ) )",go green to red or yellow to red,F & | C Y F R
"finally ( and ( or ( go to the green room , go to the yellow room ) , finally ( go to the red room ) ) )","finally ( and ( or ( go to the green room , go to the yellow room ) , finally ( go to the red room ) ) )",move through the green or yellow rooms and enter the red room,F & | C Y F R
"finally ( and ( or ( go to the green room , go to the yellow room ) , finally ( go to the red room ) ) )","finally ( and ( or ( go to the green room , go to the yellow room ) , finally ( go to the red room ) ) )",go through the yellow or green room to get to the red room,F & | C Y F R
"finally ( and ( or ( go to the green room , go to the yellow room ) , finally ( go to the red room ) ) )","finally ( and ( or ( go to the green room , go to the yellow room ) , finally ( go to the red room ) ) )",go through the green or yellow room to get to the red room,F & | C Y F R
"finally ( and ( or ( go to the green room , go to the yellow room ) , finally ( go to the red room ) ) )","finally ( and ( or ( go to the green room , go to the yellow room ) , finally ( go to the red room ) ) )",go to green or yellow room to red room,F & | C Y F R
"finally ( and ( or ( go to the green room , go to the yellow room ) , finally ( go to the red room ) ) )","finally ( and ( or ( go to the green room , go to the yellow room ) , finally ( go to the red room ) ) )",go through the yellow or green room to get to the red room,F & | C Y F R
"finally ( and ( or ( go to the green room , go to the yellow room ) , finally ( go to the red room ) ) )","finally ( and ( or ( go to the green room , go to the yellow room ) , finally ( go to the red room ) ) )",pass through the green or yellow room and enter into the red room,F & | C Y F R
"and ( finally ( go to the yellow room ) , globally ( not ( go to the red room ) ) )","and ( finally ( go to the yellow room ) , globally ( not ( go to the red room ) ) )",while avoiding the red room follow the shortest path to the yellow room,& F Y G ! R
"and ( finally ( go to the yellow room ) , globally ( not ( go to the red room ) ) )","and ( finally ( go to the yellow room ) , globally ( not ( go to the red room ) ) )",go to the yellow room but do not pass through the red room,& F Y G ! R
"and ( finally ( go to the yellow room ) , globally ( not ( go to the red room ) ) )","and ( finally ( go to the yellow room ) , globally ( not ( go to the red room ) ) )",head to the yellow rectangular room without passing through a red square room,& F Y G ! R
"and ( finally ( go to the yellow room ) , globally ( not ( go to the red room ) ) )","and ( finally ( go to the yellow room ) , globally ( not ( go to the red room ) ) )",go into the yellow room without going through the red room,& F Y G ! R
"and ( finally ( go to the yellow room ) , globally ( not ( go to the red room ) ) )","and ( finally ( go to the yellow room ) , globally ( not ( go to the red room ) ) )",move to yellow room but don t go through the red room,& F Y G ! R
"and ( finally ( go to the yellow room ) , globally ( not ( go to the red room ) ) )","and ( finally ( go to the yellow room ) , globally ( not ( go to the red room ) ) )",go to the yellow room but do not use the red room to get there,& F Y G ! R
"and ( finally ( go to the yellow room ) , globally ( not ( go to the red room ) ) )","and ( finally ( go to the yellow room ) , globally ( not ( go to the red room ) ) )",enter the yellow room without crossing the red room,& F Y G ! R
"and ( finally ( go to the yellow room ) , globally ( not ( go to the red room ) ) )","and ( finally ( go to the yellow room ) , globally ( not ( go to the red room ) ) )",avoid the red room and move to the yellow room,& F Y G ! R
"and ( finally ( go to the yellow room ) , globally ( not ( go to the red room ) ) )","and ( finally ( go to the yellow room ) , globally ( not ( go to the red room ) ) )",go through room that is not red to get to yellow room,& F Y G ! R
"and ( finally ( go to the yellow room ) , globally ( not ( go to the red room ) ) )","and ( finally ( go to the yellow room ) , globally ( not ( go to the red room ) ) )",go to yellow but not through red,& F Y G ! R
"and ( finally ( go to the red room ) , globally ( not ( go to the green room ) ) )","and ( finally ( go to the red room ) , globally ( not ( go to the green room ) ) )",go through square that is not green to get the red rectangular,& F R G ! C
"and ( finally ( go to the red room ) , globally ( not ( go to the green room ) ) )","and ( finally ( go to the red room ) , globally ( not ( go to the green room ) ) )",go to red but not through green,& F R G ! C
"and ( finally ( go to the red room ) , globally ( not ( go to the green room ) ) )","and ( finally ( go to the red room ) , globally ( not ( go to the green room ) ) )",go through the room that is not green to get to the red room,& F R G ! C
"and ( finally ( go to the red room ) , globally ( not ( go to the green room ) ) )","and ( finally ( go to the red room ) , globally ( not ( go to the green room ) ) )",go to the red room but avoid the green room,& F R G ! C
"and ( finally ( go to the red room ) , globally ( not ( go to the green room ) ) )","and ( finally ( go to the red room ) , globally ( not ( go to the green room ) ) )",go to red without going to green,& F R G ! C
"and ( finally ( go to the red room ) , globally ( not ( go to the green room ) ) )","and ( finally ( go to the red room ) , globally ( not ( go to the green room ) ) )",enter the red room without crossing the green one,& F R G ! C
"and ( finally ( go to the red room ) , globally ( not ( go to the green room ) ) )","and ( finally ( go to the red room ) , globally ( not ( go to the green room ) ) )",enter the red room without entering a green room,& F R G ! C
"and ( finally ( go to the red room ) , globally ( not ( go to the green room ) ) )","and ( finally ( go to the red room ) , globally ( not ( go to the green room ) ) )",go to red room avoiding green,& F R G ! C
"and ( finally ( go to the red room ) , globally ( not ( go to the green room ) ) )","and ( finally ( go to the red room ) , globally ( not ( go to the green room ) ) )",walk to the red room while avoiding the green room,& F R G ! C
"and ( finally ( go to the red room ) , globally ( not ( go to the green room ) ) )","and ( finally ( go to the red room ) , globally ( not ( go to the green room ) ) )",walk through any room except the green room to enter the red room,& F R G ! C
"and ( finally ( go to the yellow room ) , globally ( not ( go to the green room ) ) )","and ( finally ( go to the yellow room ) , globally ( not ( go to the green room ) ) )",go through square that is not green to get the yellow rectangular,& F Y G ! C
"and ( finally ( go to the yellow room ) , globally ( not ( go to the green room ) ) )","and ( finally ( go to the yellow room ) , globally ( not ( go to the green room ) ) )",go to yellow but not through green,& F Y G ! C
"and ( finally ( go to the yellow room ) , globally ( not ( go to the green room ) ) )","and ( finally ( go to the yellow room ) , globally ( not ( go to the green room ) ) )",go through the room that is not green to get to the yellow room,& F Y G ! C
"and ( finally ( go to the yellow room ) , globally ( not ( go to the green room ) ) )","and ( finally ( go to the yellow room ) , globally ( not ( go to the green room ) ) )",go to the yellow room but avoid the green room,& F Y G ! C
"and ( finally ( go to the yellow room ) , globally ( not ( go to the green room ) ) )","and ( finally ( go to the yellow room ) , globally ( not ( go to the green room ) ) )",go to yellow without going to green,& F Y G ! C
"and ( finally ( go to the yellow room ) , globally ( not ( go to the green room ) ) )","and ( finally ( go to the yellow room ) , globally ( not ( go to the green room ) ) )",enter the yellow room without crossing the green one,& F Y G ! C
"and ( finally ( go to the yellow room ) , globally ( not ( go to the green room ) ) )","and ( finally ( go to the yellow room ) , globally ( not ( go to the green room ) ) )",enter the yellow room without entering a green room,& F Y G ! C
"and ( finally ( go to the yellow room ) , globally ( not ( go to the green room ) ) )","and ( finally ( go to the yellow room ) , globally ( not ( go to the green room ) ) )",go to yellow room avoiding green,& F Y G ! C
"and ( finally ( go to the yellow room ) , globally ( not ( go to the green room ) ) )","and ( finally ( go to the yellow room ) , globally ( not ( go to the green room ) ) )",walk to the yellow room while avoiding the green room,& F Y G ! C
"and ( finally ( go to the yellow room ) , globally ( not ( go to the green room ) ) )","and ( finally ( go to the yellow room ) , globally ( not ( go to the green room ) ) )",walk through any room except the green room to enter the yellow room,& F Y G ! C
"and ( finally ( go to the red room ) , globally ( not ( go to the blue room ) ) )","and ( finally ( go to the red room ) , globally ( not ( go to the blue room ) ) )",go to the red room but avoid the blue room,& F R G ! B
"and ( finally ( go to the red room ) , globally ( not ( go to the blue room ) ) )","and ( finally ( go to the red room ) , globally ( not ( go to the blue room ) ) )",go to red without going through blue,& F R G ! B
"and ( finally ( go to the red room ) , globally ( not ( go to the blue room ) ) )","and ( finally ( go to the red room ) , globally ( not ( go to the blue room ) ) )",enter the red room without passing the blue one,& F R G ! B
"and ( finally ( go to the red room ) , globally ( not ( go to the blue room ) ) )","and ( finally ( go to the red room ) , globally ( not ( go to the blue room ) ) )",avoid the blue room and move to the red room,& F R G ! B
"and ( finally ( go to the red room ) , globally ( not ( go to the blue room ) ) )","and ( finally ( go to the red room ) , globally ( not ( go to the blue room ) ) )",avoid the blue room to get to the red room,& F R G ! B
"and ( finally ( go to the red room ) , globally ( not ( go to the blue room ) ) )","and ( finally ( go to the red room ) , globally ( not ( go to the blue room ) ) )",pass through the non blue room to reach the red room,& F R G ! B
"and ( finally ( go to the red room ) , globally ( not ( go to the blue room ) ) )","and ( finally ( go to the red room ) , globally ( not ( go to the blue room ) ) )",avoid the blue room when proceeding to the red room,& F R G ! B
"and ( finally ( go to the red room ) , globally ( not ( go to the blue room ) ) )","and ( finally ( go to the red room ) , globally ( not ( go to the blue room ) ) )",go to the red room but avoid using the blue room,& F R G ! B
"and ( finally ( go to the red room ) , globally ( not ( go to the blue room ) ) )","and ( finally ( go to the red room ) , globally ( not ( go to the blue room ) ) )",go to the red room but don t go through the blue room,& F R G ! B
"and ( finally ( go to the red room ) , globally ( not ( go to the blue room ) ) )","and ( finally ( go to the red room ) , globally ( not ( go to the blue room ) ) )",enter the room that isn t blue then go to the red room,& F R G ! B
"and ( finally ( go to the yellow room ) , globally ( not ( go to the blue room ) ) )","and ( finally ( go to the yellow room ) , globally ( not ( go to the blue room ) ) )",go to the yellow room but avoid the blue room,& F Y G ! B
"and ( finally ( go to the yellow room ) , globally ( not ( go to the blue room ) ) )","and ( finally ( go to the yellow room ) , globally ( not ( go to the blue room ) ) )",go to yellow without going through blue,& F Y G ! B
"and ( finally ( go to the yellow room ) , globally ( not ( go to the blue room ) ) )","and ( finally ( go to the yellow room ) , globally ( not ( go to the blue room ) ) )",enter the yellow room without passing the blue one,& F Y G ! B
"and ( finally ( go to the yellow room ) , globally ( not ( go to the blue room ) ) )","and ( finally ( go to the yellow room ) , globally ( not ( go to the blue room ) ) )",avoid the blue room and move to the yellow room,& F Y G ! B
"and ( finally ( go to the yellow room ) , globally ( not ( go to the blue room ) ) )","and ( finally ( go to the yellow room ) , globally ( not ( go to the blue room ) ) )",avoid the blue room to get to the yellow room,& F Y G ! B
"and ( finally ( go to the yellow room ) , globally ( not ( go to the blue room ) ) )","and ( finally ( go to the yellow room ) , globally ( not ( go to the blue room ) ) )",pass through the non blue room to reach the yellow room,& F Y G ! B
"and ( finally ( go to the yellow room ) , globally ( not ( go to the blue room ) ) )","and ( finally ( go to the yellow room ) , globally ( not ( go to the blue room ) ) )",avoid the blue room when proceeding to the yellow room,& F Y G ! B
"and ( finally ( go to the yellow room ) , globally ( not ( go to the blue room ) ) )","and ( finally ( go to the yellow room ) , globally ( not ( go to the blue room ) ) )",go to the yellow room but avoid using the blue room,& F Y G ! B
"and ( finally ( go to the yellow room ) , globally ( not ( go to the blue room ) ) )","and ( finally ( go to the yellow room ) , globally ( not ( go to the blue room ) ) )",go to the yellow room but don t go through the blue room,& F Y G ! B
"and ( finally ( go to the yellow room ) , globally ( not ( go to the blue room ) ) )","and ( finally ( go to the yellow room ) , globally ( not ( go to the blue room ) ) )",enter the room that isn t blue then go to the yellow room,& F Y G ! B
"finally ( and ( or ( go to the red room , go to the blue room ) , finally ( go to the yellow room ) ) )","finally ( and ( or ( go to the red room , go to the blue room ) , finally ( go to the yellow room ) ) )",go to the yellow room through the red or blue room,F & | R B F Y
"finally ( and ( or ( go to the red room , go to the blue room ) , finally ( go to the yellow room ) ) )","finally ( and ( or ( go to the red room , go to the blue room ) , finally ( go to the yellow room ) ) )",go to red or blue then yellow,F & | R B F Y
"finally ( and ( or ( go to the red room , go to the blue room ) , finally ( go to the yellow room ) ) )","finally ( and ( or ( go to the red room , go to the blue room ) , finally ( go to the yellow room ) ) )",avoid the yellow room and enter the yellow room through either the red or blue room,F & | R B F Y
"finally ( and ( or ( go to the red room , go to the blue room ) , finally ( go to the yellow room ) ) )","finally ( and ( or ( go to the red room , go to the blue room ) , finally ( go to the yellow room ) ) )",go to the blue room or the red room and head straight away to the yellow room avoiding the yellow room,F & | R B F Y
"finally ( and ( or ( go to the red room , go to the blue room ) , finally ( go to the yellow room ) ) )","finally ( and ( or ( go to the red room , go to the blue room ) , finally ( go to the yellow room ) ) )",go to the yellow room either through the red room or through the blue room only,F & | R B F Y
"finally ( and ( or ( go to the red room , go to the blue room ) , finally ( go to the yellow room ) ) )","finally ( and ( or ( go to the red room , go to the blue room ) , finally ( go to the yellow room ) ) )",go through either a red or blue room to enter the yellow room,F & | R B F Y
"finally ( and ( or ( go to the red room , go to the blue room ) , finally ( go to the yellow room ) ) )","finally ( and ( or ( go to the red room , go to the blue room ) , finally ( go to the yellow room ) ) )",go through the blue room or the red room to get to the yellow room,F & | R B F Y
"finally ( and ( or ( go to the red room , go to the blue room ) , finally ( go to the yellow room ) ) )","finally ( and ( or ( go to the red room , go to the blue room ) , finally ( go to the yellow room ) ) )",go thru the blue or red box to get to the yellow box,F & | R B F Y
"finally ( and ( or ( go to the red room , go to the blue room ) , finally ( go to the yellow room ) ) )","finally ( and ( or ( go to the red room , go to the blue room ) , finally ( go to the yellow room ) ) )",pass through either the blue or red room to reach the yellow room,F & | R B F Y
"finally ( and ( or ( go to the red room , go to the blue room ) , finally ( go to the yellow room ) ) )","finally ( and ( or ( go to the red room , go to the blue room ) , finally ( go to the yellow room ) ) )",move from the pink box into the yellow box by way of the blue or red box avoiding the yellow box,F & | R B F Y
"finally ( and ( or ( go to the yellow room , go to the blue room ) , finally ( go to the green room ) ) )","finally ( and ( or ( go to the yellow room , go to the blue room ) , finally ( go to the green room ) ) )",go to the green room through the yellow or blue room,F & | Y B F C
"finally ( and ( or ( go to the yellow room , go to the blue room ) , finally ( go to the green room ) ) )","finally ( and ( or ( go to the yellow room , go to the blue room ) , finally ( go to the green room ) ) )",go to yellow or blue then green,F & | Y B F C
"finally ( and ( or ( go to the yellow room , go to the blue room ) , finally ( go to the green room ) ) )","finally ( and ( or ( go to the yellow room , go to the blue room ) , finally ( go to the green room ) ) )",avoid the yellow room and enter the green room through either the yellow or blue room,F & | Y B F C
"finally ( and ( or ( go to the yellow room , go to the blue room ) , finally ( go to the green room ) ) )","finally ( and ( or ( go to the yellow room , go to the blue room ) , finally ( go to the green room ) ) )",go to the blue room or the yellow room and head straight away to the green room avoiding the yellow room,F & | Y B F C
"finally ( and ( or ( go to the yellow room , go to the blue room ) , finally ( go to the green room ) ) )","finally ( and ( or ( go to the yellow room , go to the blue room ) , finally ( go to the green room ) ) )",go to the green room either through the yellow room or through the blue room only,F & | Y B F C
"finally ( and ( or ( go to the yellow room , go to the blue room ) , finally ( go to the green room ) ) )","finally ( and ( or ( go to the yellow room , go to the blue room ) , finally ( go to the green room ) ) )",go through either a yellow or blue room to enter the green room,F & | Y B F C
"finally ( and ( or ( go to the yellow room , go to the blue room ) , finally ( go to the green room ) ) )","finally ( and ( or ( go to the yellow room , go to the blue room ) , finally ( go to the green room ) ) )",go through the blue room or the yellow room to get to the green room,F & | Y B F C
"finally ( and ( or ( go to the yellow room , go to the blue room ) , finally ( go to the green room ) ) )","finally ( and ( or ( go to the yellow room , go to the blue room ) , finally ( go to the green room ) ) )",go thru the blue or yellow box to get to the green box,F & | Y B F C
"finally ( and ( or ( go to the yellow room , go to the blue room ) , finally ( go to the green room ) ) )","finally ( and ( or ( go to the yellow room , go to the blue room ) , finally ( go to the green room ) ) )",pass through either the blue or yellow room to reach the green room,F & | Y B F C
"finally ( and ( or ( go to the yellow room , go to the blue room ) , finally ( go to the green room ) ) )","finally ( and ( or ( go to the yellow room , go to the blue room ) , finally ( go to the green room ) ) )",move from the yellow box into the green box by way of the blue or red box avoiding the yellow box,F & | Y B F C
